[
  {
    "id": 1,
    "name": "Employee One",
    "email": "emp1@hsync.xyz",
    "password": "hsync001",
    "designation": "Developer"
  },
  {
    "id": 2,
    "name": "Employee Two",
    "email": "emp2@hsync.xyz",
    "password": "hsync002",
    "designation": "Designer"
  },
  {
    "id": 3,
    "name": "Employee Three",
    "email": "emp3@hsync.xyz",
    "password": "hsync003",
    "designation": "SEO Specialist"
  },
  {
    "id": 4,
    "name": "Employee Four",
    "email": "emp4@hsync.xyz",
    "password": "hsync004",
    "designation": "Content Writer"
  },
  {
    "id": 5,
    "name": "Employee Five",
    "email": "emp5@hsync.xyz",
    "password": "hsync005",
    "designation": "Project Manager"
  },
  {
    "id": 6,
    "name": "Employee Six",
    "email": "emp6@hsync.xyz",
    "password": "hsync006",
    "designation": "Support"
  },
  {
    "id": 7,
    "name": "Employee Seven",
    "email": "emp7@hsync.xyz",
    "password": "hsync007",
    "designation": "Developer"
  },
  {
    "id": 8,
    "name": "Employee Eight",
    "email": "emp8@hsync.xyz",
    "password": "hsync008",
    "designation": "Designer"
  },
  {
    "id": 9,
    "name": "Employee Nine",
    "email": "emp9@hsync.xyz",
    "password": "hsync009",
    "designation": "QA"
  },
  {
    "id": 10,
    "name": "Employee Ten",
    "email": "emp10@hsync.xyz",
    "password": "hsync010",
    "designation": "Intern"
  }
]
