{
  "home_heading": "HSYNC is your multi brand digital venture studio.",
  "home_subtitle": "We create and operate modern brands in ecommerce, services and technology.",
  "about_text": "HSYNC is the parent company behind multiple brands. We focus on long term digital businesses with shared technology and shared design.",
  "services_text": "We build and manage online stores, service platforms, and tech products. We also offer SEO, web development, and automation for our own brands.",
  "contact_text": "Tell us a bit about your project or partnership and we will get back to you."
}
